{
  "valid_ranking_at_10": {
    "Precision@10": 0.09987577639751553,
    "Recall@10": 0.9987577639751553,
    "NDCG@10": 0.8817219010109514,
    "skipped_singleton_groups": 0
  },
  "test_ranking_at_10": {
    "Precision@10": 0.09999999999999999,
    "Recall@10": 1.0,
    "NDCG@10": 0.8749833791345327,
    "skipped_singleton_groups": 0
  },
  "valid_aux_metrics": {
    "accuracy": 0.9474234711665853,
    "precision": 0.7658385093167702,
    "recall": 0.7658385093167702,
    "f1_score": 0.7658385093167702
  },
  "test_aux_metrics": {
    "accuracy": 0.9449893682694286,
    "precision": 0.7510862818125388,
    "recall": 0.7510862818125388,
    "f1_score": 0.7510862818125388
  },
  "eval_history": {
    "validation_0": {
      "ndcg@10": [
        0.7003377495117646,
        0.7480849873723587,
        0.7757982196976186,
        0.8140586287937551,
        0.8209099598986428,
        0.8293024670863718,
        0.8297653813834079,
        0.8307874304540777,
        0.8310168609658273,
        0.831718775333296,
        0.8366410618622044,
        0.8363557892228571,
        0.8382830091452277,
        0.8395828590745105,
        0.8402363154766924,
        0.8396260129011299,
        0.839197818850438,
        0.8401000941653307,
        0.841993251921576,
        0.8422777081318341,
        0.8426006139138215,
        0.8421675342780932,
        0.8433867121833407,
        0.8442375336500548,
        0.8443153649366908,
        0.8446922535065321,
        0.8443910535560067,
        0.8430181314927994,
        0.8435516554407698,
        0.8430507968131383,
        0.8428353109243032,
        0.8452089309658893,
        0.844721661285599,
        0.8489679880595458,
        0.8489859360117172,
        0.849133849361318,
        0.8486521275060307,
        0.8496024688011311,
        0.8495987282115526,
        0.8495100475526097,
        0.8490502929057901,
        0.8499674303208136,
        0.8495498627477485,
        0.8508286096784023,
        0.851130949574811,
        0.8505481302876773,
        0.8522298407951074,
        0.852465558132754,
        0.8542384898990034,
        0.8541920809571021,
        0.8541490229186384,
        0.8534613143849208,
        0.8535107309463703,
        0.8548224877336703,
        0.8551528433331446,
        0.8549341272796452,
        0.8538390278418654,
        0.853064791238014,
        0.8537931025991783,
        0.8538419641085443,
        0.854716341790674,
        0.8546590763896172,
        0.8550336922774385,
        0.8550064725564206,
        0.8555933727223188,
        0.855923302609941,
        0.8559380349169509,
        0.8557476018085778,
        0.8558079791451288,
        0.855967879914939,
        0.8566106966719752,
        0.8564309366553375,
        0.8565025239039903,
        0.8561836201581045,
        0.8562797587524784,
        0.856353145454337,
        0.8571757248715639,
        0.8568726854570597,
        0.8577426864824463,
        0.8581087839935743,
        0.858532247024391,
        0.8585977315352505,
        0.8582164997716513,
        0.8570959270642322,
        0.8579735009755782,
        0.8578108019675755,
        0.8578826362076801,
        0.8582602022699262,
        0.8582570060407098,
        0.8582188835959924,
        0.8582377158481477,
        0.8590246187901318,
        0.8592800111153831,
        0.8592718259410276,
        0.8580360034974533,
        0.8578472016934975,
        0.8592219298079016,
        0.8591527580588559,
        0.8598456780828284,
        0.8602663355318899,
        0.8606674891352527,
        0.8605669360637681,
        0.8607642126234263,
        0.8606476560416538,
        0.8613775585644601,
        0.8615292125036391,
        0.8615452465176018,
        0.861083503807908,
        0.8611959426272083,
        0.8609038398718505,
        0.8613050128911584,
        0.8617199528452719,
        0.8612184224509964,
        0.8616058898084026,
        0.8616790684846477,
        0.8620812941629994,
        0.8624004209428583,
        0.8625578674383113,
        0.862584804175973,
        0.8622193543853095,
        0.862241497874349,
        0.8626022403474877,
        0.8629955875480068,
        0.8625795415834573,
        0.8619578085695688,
        0.8620629591931586,
        0.8625361638559802,
        0.8621745573334666,
        0.8620774301231627,
        0.8623591578694483,
        0.8636072564476938,
        0.8636864233767294,
        0.8632388057731802,
        0.8631946077888333,
        0.8634584215183946,
        0.8630584629191995,
        0.863179796499867,
        0.862826179455192,
        0.8631132059785717,
        0.8629968145896415,
        0.8630090233369317,
        0.8639177691893613,
        0.8644622919416115,
        0.8642488160020482,
        0.8645394011033285,
        0.864228210449916,
        0.864150574859797,
        0.8630406914705079,
        0.8635039570749418,
        0.8627921716980304,
        0.8625409573970277,
        0.8643774050843467,
        0.8647039638195086,
        0.8644237400746834,
        0.8644794084563343,
        0.864333462396335,
        0.8649322768655409,
        0.8650722007373026,
        0.8646872023701891,
        0.8654692121551897,
        0.8660700349362924,
        0.8662659402112111,
        0.8666351002608788,
        0.8671879078034207,
        0.8672610454573706,
        0.8670130166938631,
        0.8675514762355803,
        0.8678877112947961,
        0.8686677537901956,
        0.8687190309384619,
        0.8685360490282363,
        0.8686887146041637,
        0.8683160630128265,
        0.8691293813529283,
        0.8685966653327308,
        0.8702942308355628,
        0.8713735792427363,
        0.8703764177132434,
        0.8708509580184649,
        0.8706217218405591,
        0.870175434499454,
        0.8703168826232841,
        0.8704796689181261,
        0.8706145699093021,
        0.8713635140656187,
        0.8718463925125245,
        0.8721410259144502,
        0.8729069015468877,
        0.8732905109202092,
        0.8732905109202092,
        0.8733191676064558,
        0.8730865805251123,
        0.873117379597304,
        0.8726714343220539,
        0.8727096991118952,
        0.8732600483558665,
        0.8731048344814583,
        0.8731048344814583,
        0.8731841313570041,
        0.8731452882713537,
        0.8736998157624807,
        0.8734705795845746,
        0.8730400736046502,
        0.8725546645111764,
        0.872245736459818,
        0.8718396472627086,
        0.8721454324362428,
        0.8721389192390355,
        0.8731513941415575,
        0.8727502635590129,
        0.8725881428468194,
        0.8723538304369349,
        0.8724734180550816,
        0.8731509427991411,
        0.8731717002875058,
        0.8733884490514037,
        0.8731129586058175,
        0.8729730347340556,
        0.8724174012324928,
        0.872837608798463,
        0.8729649562624847,
        0.8727165448996845,
        0.8734527169517448,
        0.8734450104572621,
        0.8739515637321238,
        0.8748697034479156,
        0.8750176167975163,
        0.8750331064511169,
        0.875311616845348,
        0.8753818946048297,
        0.875611911373052,
        0.8757212575335098,
        0.875628889636381,
        0.8753806189118126,
        0.8749371848671852,
        0.8753486456087259,
        0.8753632123268857,
        0.8752628549519178,
        0.8752021212529175,
        0.8753026743244017,
        0.875322199880034,
        0.8753364072426268,
        0.8747966120585097,
        0.8752217358022817,
        0.8759325024555965,
        0.8759134679089341,
        0.8761585424042858,
        0.8758939013310065,
        0.8764695456660649,
        0.8764695456660649,
        0.8767801046722761,
        0.8765559447263486,
        0.876784151266029,
        0.876871566056792,
        0.876871566056792,
        0.8767887808556013,
        0.8768492424858748,
        0.8766471806562456,
        0.8766867277370948,
        0.8766814861391737,
