model,objective,totalRows,totalGroups,trainRows,testRows,featureCount,precisionAt3,recallAt3,ndcgAt3,mrrAt3,precisionAt5,recallAt5,ndcgAt5,mrrAt5,precisionAt10,recallAt10,ndcgAt10,mrrAt10,auc
XGBoost Ranker Dynamic Mixed Basket with NGCF Candidates,rank:ndcg,448716,89754,358972,89744,127,0.2958795238891055,0.8876385716673166,0.7404218673050512,0.6895623270755575,0.19999999999999998,1.0,0.787045800346481,0.7156360834122518,0.09999999999999999,1.0,0.787045800346481,0.7156360834122518,0.7757141748111148
