{
  "valid_ranking_at_10": {
    "Precision@10": 0.09993788819875776,
    "Recall@10": 0.9993788819875776,
    "NDCG@10": 0.883589592935177,
    "skipped_singleton_groups": 0
  },
  "test_ranking_at_10": {
    "Precision@10": 0.09999999999999999,
    "Recall@10": 1.0,
    "NDCG@10": 0.8750263281883258,
    "skipped_singleton_groups": 0
  },
  "valid_aux_metrics": {
    "accuracy": 0.9481207726099993,
    "precision": 0.768944099378882,
    "recall": 0.768944099378882,
    "f1_score": 0.768944099378882
  },
  "test_aux_metrics": {
    "accuracy": 0.9449893682694286,
    "precision": 0.7510862818125388,
    "recall": 0.7510862818125388,
    "f1_score": 0.7510862818125388
  },
  "eval_history": {
    "validation_0": {
      "ndcg@10": [
        0.7200413949007037,
        0.7592482879498682,
        0.7779720023895066,
        0.8017922184696552,
        0.8121285949589776,
        0.816015271870649,
        0.8176398524904275,
        0.8165818806668157,
        0.8230338596042892,
        0.8301521693027412,
        0.8369882618495056,
        0.835777663977227,
        0.8354342774756123,
        0.8377091465424724,
        0.8385715146753776,
        0.8393625750414371,
        0.839255849685797,
        0.8396357101646569,
        0.8390580127691901,
        0.839149843323288,
        0.8387812413581053,
        0.8383565892073579,
        0.8392641994627639,
        0.838792944380491,
        0.8383371015416108,
        0.8385824247353069,
        0.8408093817126524,
        0.8410440242426659,
        0.8414306644792611,
        0.8403555438877124,
        0.8431628314732393,
        0.8433379645438581,
        0.8437719414652796,
        0.8431683773684426,
        0.8439808154327744,
        0.8471666137652551,
        0.8465708354710889,
        0.8463846573316467,
        0.8464388137903264,
        0.8462367973334384,
        0.8462798894804493,
        0.8477460204693424,
        0.8489530859307876,
        0.8496921261483917,
        0.849773448976697,
        0.8495017609733975,
        0.8503995581818037,
        0.850079899859537,
        0.8506347815675652,
        0.850344862921163,
        0.8503018048826992,
        0.8508127493909455,
        0.850780648611801,
        0.8507996831584634,
        0.8502374870965458,
        0.8510535261184021,
        0.8513186453826964,
        0.8514357257246584,
        0.852176624383531,
        0.8535313688626028,
        0.853950849189649,
        0.8542105013177895,
        0.8541952042282952,
        0.8538060663192589,
        0.8546018593226001,
        0.8542676342821736,
        0.8540222768034655,
        0.8543994263309722,
        0.8548696898878123,
        0.8553128699934327,
        0.8565240392013297,
        0.856235891448883,
        0.8559103386319993,
        0.8568780956749057,
        0.8581906121723022,
        0.8581365090650148,
        0.8586759750012315,
        0.8594366060764373,
        0.8596771024356284,
        0.8594511095899053,
        0.8597497352728712,
        0.8607414118876406,
        0.8599298668475155,
        0.8607216199943872,
        0.8606355039174598,
        0.8621147165501406,
        0.8619799073229069,
        0.8629507131807571,
        0.86343771079232,
        0.8631634872460098,
        0.863541317398332,
        0.8625553282406201,
        0.8628165240367738,
        0.8635094850830416,
        0.8633230649825389,
        0.8635865384229139,
        0.8635807036601169,
        0.863351467482211,
        0.8644417736713688,
        0.8655362030493974,
        0.8651588988476697,
        0.8657729582963452,
        0.8659979455859909,
        0.8652048907321663,
        0.8664042350211507,
        0.8665377676187068,
        0.866295814394829,
        0.8670611585186658,
        0.8676569707482791,
        0.8682611662694103,
        0.8679861775245152,
        0.8680325154741618,
        0.8676654377217633,
        0.8679173423331256,
        0.8677927821926674,
        0.8676528049695132,
        0.8674377761542003,
        0.8670374877844408,
        0.8672721751645307,
        0.8676551009647765,
        0.8677747419343155,
        0.8679771219241157,
        0.8682285015910612,
        0.8685731528710643,
        0.8687695421376214,
        0.8686752408863383,
        0.8687854867385113,
        0.8690266826157983,
        0.8687974464378925,
        0.8684351482492773,
        0.8680686594844093,
        0.8682662864148051,
        0.868610466324691,
        0.8686991469836336,
        0.8687995043586012,
        0.8685190249678761,
        0.8683186055303938,
        0.8681665196647432,
        0.8696375762694145,
        0.8699209155546078,
        0.8696684677671115,
        0.8702386110305688,
        0.8692914320292378,
        0.8707225258529834,
        0.8704936696646239,
        0.8699108164420432,
        0.8699538744805069,
        0.869454069414772,
        0.8699968311961417,
        0.8697866295648984,
        0.870199425948839,
        0.8709340260587691,
        0.870283670294081,
        0.871369336201945,
        0.8709699898340066,
        0.8711638211165394,
        0.8708068121461312,
        0.8715328048856356,
        0.8730571173206108,
        0.872153727201541,
        0.8722568275653284,
        0.8726405569767087,
        0.872260103159873,
        0.8724934666541877,
        0.8723666974859752,
        0.8725959336638812,
        0.8725674532582063,
        0.8725769439672948,
        0.8734556238890768,
        0.873148167087959,
        0.8730670929579981,
        0.8728378567800922,
        0.8733302916860928,
        0.8738270288317462,
        0.8733688928106831,
        0.8739559609860768,
        0.8744044215161637,
        0.873934850740136,
        0.8746035247271913,
        0.874336023759444,
        0.874506954206346,
        0.8750927206747874,
        0.8754032796809987,
        0.8752983987054909,
        0.8755884830674001,
        0.8756235516280252,
        0.8755028579994426,
        0.8754996084188336,
        0.8754996084188336,
        0.8759141230444663,
        0.8753029440904313,
        0.8753361859996868,
        0.8755524098191679,
        0.8761585331413971,
        0.8759891763435176,
        0.876155532608697,
        0.8763224805049602,
        0.8762960481115425,
        0.876872026137797,
        0.877710099232838,
        0.8778342175383734,
        0.8778640418575242,
        0.8780932780354301,
        0.8780865024550397,
        0.8778763008237962,
        0.8782103923128393,
        0.8773016327755709,
        0.8781358996005446,
        0.8780545767722395,
        0.8781010267364364,
        0.87894532480308,
        0.8785043966773096,
        0.8780476852923782,
        0.8784203162835428,
        0.8780463096338601,
        0.8779601935569328,
        0.8775175595185668,
        0.8778263236184503,
        0.8781313841966131,
        0.8781806940552782,
        0.878068517619161,
        0.8782359031730015,
        0.8786962361156301,
        0.8791729394069695,
        0.8787108537645367,
        0.8787218988333603,
        0.879409607367078,
        0.8787705086512647,
        0.8793024673248714,
        0.879054196600303,
        0.8792805728837408,
        0.879411312273496,
        0.8796705941314407,
        0.8801018467662345,
        0.880264492422845,
        0.8800198555850703,
        0.8802361666913912,
        0.880419484936365,
        0.88094789871691,
        0.88094789871691,
        0.8813147807727921,
        0.8813147807727921,
        0.8813147807727921,
        0.8817470903832682,
        0.881364503561324,
        0.8812942258018424,
        0.8816850974140782,
        0.882178778968747,
        0.8824272114543845,
        0.8821005311473714,
        0.8820192083190662,
        0.8821943413896847,
        0.8819809435292246,
        0.8814448695187408,
        0.881398951585809,
        0.8818381064116025,
        0.8818381064116025,
        0.881302011800946,
        0.8814646574575565,
        0.8816508355969986,
